Date;Gold;Silver;Platinum
2000/08/01;278,2999878;5,002999783;586,7000122
2000/09/01;273,6000061;4,899000168;578,7999878
2000/11/01;270,1000061;4,673999786;605,9000244
2000/12/01;272;4,585000038;609,5999756
2001/01/01;265,6000061;4,790999889;601,0999756
2001/02/01;266,7999878;4,472000122;610
2001/03/01;257,8999939;4,277999878;555
2001/05/01;265,2999878;4,395999908;603,0999756
2001/06/01;270,6000061;4,291999817;560,0999756
2001/08/01;274,3999939;4,162000179;443
2001/09/01;292,3999939;4,646999836;433,2999878
2001/10/01;279,5;4,214000225;412,5
2001/11/01;273,8999939;4,127999783;449,2999878
2001/12/01;278,7000122;4,578999996;493
2002/01/01;282,1000061;4,21600008;465,2000122
2002/02/01;296,7000122;4,497000217;465,2000122
2002/03/01;302,6000061;4,640999794;515,7000122
2002/04/01;308,8999939;4,532000065;532,5
2002/05/01;326,5;5,026000023;545,9000244
2002/06/01;313,5;4,833000183;537,2999878
2002/07/01;303,2000122;4,59499979;524,5999756
2002/08/01;312,3999939;4,436999798;565,7999878
2002/10/01;318;4,499000072;571,7999878
2002/11/01;316,7999878;4,414000034;581,9000244
2003/01/01;368,2999878;4,853000164;658,9000244
2003/02/01;350,2000122;4,585000038;672,5
2003/03/01;335,8999939;4,460999966;648,4000244
2003/04/01;339,1000061;4,638000011;599,2999878
2003/05/01;364,5;4,526000023;636,7999878
2003/07/01;354;5,116000175;685,7000122
2003/08/01;375,7000122;5,109000206;708,5999756
2003/09/01;385,3999939;5,137000084;706,9000244
2003/10/01;384,5;5,059000015;754,9000244
2003/11/01;396,7999878;5,355000019;754,9000244
2003/12/01;415,7000122;5,953000069;811,2999878
2004/01/01;402,2000122;6,245999813;830,2999878
2004/02/01;402,2000122;6,245999813;830,2999878
2004/03/01;427,2999878;7,93599987;908,7000122
2004/04/01;387;6,078000069;863,5
2004/05/01;394;6,105000019;863,5
2004/06/01;392,6000061;5,776000023;863,5
2004/07/01;391;6,550000191;817,9000244
2004/08/01;391;6,550000191;817,9000244
2004/09/01;418,7000122;6,915999889;861
2004/10/01;428,5;7,291999817;833
2004/11/01;451,2999878;7,72300005;872,2999878
2004/12/01;437,5;6,80700016;863,7000122
2005/01/01;421,7999878;6,736999989;873,7999878
2005/02/01;436,5;7,359000206;866
2005/03/01;428,7000122;7,190999985;870,5999756
2005/04/01;435;6,90199995;868,5999756
2005/05/01;435;6,90199995;868,5999756
2005/06/01;435,8999939;7,027999878;883,5
2005/07/01;429,8999939;7,237999916;897,9000244
2005/08/01;433,7999878;6,781000137;894,5
2005/09/01;469;7,458000183;930,2999878
2005/10/01;465,1000061;7,550000191;942,4000244
2005/11/01;494,6000061;8,279999733;952,5
2005/12/01;517,0999756;8,819999695;973
2006/01/01;517,0999756;8,819999695;973
2006/02/01;561,5999756;9,720000267;973
2006/03/01;581,7999878;11,47999954;1059,400024
2006/04/01;651,7999878;13,51000023;1163,300049
2006/05/01;642,5;12,39799976;1246,800049
2006/06/01;613,5;10,90999985;1246,699951
2006/07/01;634,2000122;11,32499981;1242
2006/08/01;625,9000244;12,89999962;1242
2006/09/01;598,5999756;11,44999981;1141,199951
2006/10/01;598,5999756;11,44999981;1141,199951
2006/11/01;646,9000244;13,92500019;1150,599976
2006/12/01;635,2000122;12,81799984;1139,300049
2007/01/01;652;13,51399994;1180,699951
2007/02/01;669,4000244;14,10000038;1193
2007/03/01;663;13,39000034;1248,300049
2007/04/01;663;13,39000034;1248,300049
2007/05/01;661;13,4090004;1248,300049
2007/06/01;648,0999756;12,35299969;1279
2007/07/01;648,0999756;12,35299969;1279
2007/08/01;673;12,06299973;1271,599976
2007/09/01;742,7999878;13,79399967;1395,199951
2007/10/01;792;14,37699986;1468
2007/11/01;782,2000122;13,9630003;1468
2007/12/01;834,9000244;14,79699993;1528,400024
2008/01/01;922,7000122;16,94799995;1736,900024
2008/02/01;972,0999756;19,80800056;2155,699951
2008/03/01;916,2000122;17,27499962;2024,400024
2008/04/01;862,7999878;16,50200081;1970,599976
2008/05/01;887,2999878;16,82699966;1970,599976
2008/06/01;887,2999878;16,82699966;1970,599976
2008/07/01;913,9000244;17,75;1750,300049
2008/08/01;829,2999878;13,60700035;1750,300049
2008/09/01;874,2000122;12,23099995;1015,099976
2008/10/01;716,7999878;9,729999542;811,0999756
2008/11/01;816,2000122;10,18500042;811,0999756
2008/12/01;883,5999756;11,27000046;936,2000122
2009/01/01;927,2999878;12,56000042;960
2009/02/01;927,2999878;12,56000042;960
2009/03/01;927,2999878;12,56000042;960
2009/04/01;890,7000122;12,30500031;1096,099976
2009/05/01;978,7999878;15,60000038;1096,099976
2009/06/01;927,0999756;13,57400036;1176,699951
2009/07/01;953,7000122;13,93299961;1167,599976
2009/08/01;951,7000122;14,89799976;1167,599976
2009/09/01;1008;16,63599968;1295,599976
2009/10/01;1039,699951;16,24600029;1297,400024
2009/11/01;1039,699951;16,24600029;1297,400024
2009/12/01;1095,199951;16,8220005;1460
2010/01/01;1083;16,18300056;1501,300049
2010/02/01;1118,300049;16,5;1538
2010/03/01;1113,300049;17,51199913;1639,800049
2010/04/01;1180,099976;18,61100006;1745,099976
2010/05/01;1212,199951;18,4109993;1547,400024
2010/06/01;1245,5;18,67099953;1530,900024
2010/07/01;1181,699951;17,98699951;1576,800049
2010/08/01;1181,699951;17,98699951;1576,800049
2010/09/01;1307,800049;21,79800034;1652
2010/10/01;1357,099976;24,55999947;1705,099976
2010/11/01;1385;28,18499947;1650,400024
2010/12/01;1421,099976;30,90999985;1773,300049
2011/01/01;1333,800049;28,17399979;1797,5
2011/02/01;1409,300049;33,80400085;1809,199951
2011/03/01;1438,900024;37,87200165;1779,300049
2011/04/01;1556;48,58399963;1871,5
2011/05/01;1556;48,58399963;1871,5
2011/06/01;1502,300049;34,81200027;1724,800049
2011/07/01;1628,300049;40,09199905;1785,300049
2011/08/01;1828,5;41,69900131;1856,199951
2011/09/01;1620,400024;30,04100037;1519,400024
2011/10/01;1724,199951;34,3370018;1597,599976
2011/11/01;1745,5;32,73099899;1559,800049
2011/12/01;1565,800049;27,875;1399,699951
2012/01/01;1565,800049;27,875;1399,699951
2012/02/01;1709,900024;34,58300018;1691,099976
2012/03/01;1669,300049;32,46900177;1638,300049
2012/04/01;1669,300049;32,46900177;1638,300049
2012/05/01;1562,599976;27,74099922;1416,099976
2012/06/01;1603,5;27,57999992;1449,099976
2012/07/01;1603,5;27,57999992;1449,099976
2012/08/01;1684,599976;31,37000084;1536,300049
2012/09/01;1771,099976;34,51699829;1665,300049
2012/10/01;1717,5;32,2879982;1576
2012/11/01;1710,900024;33,20399857;1603,099976
2012/12/01;1674,800049;30,17300034;1538,699951
2013/01/01;1660,599976;31,33499908;1673,900024
2013/02/01;1577,699951;28,39500046;1582,400024
2013/03/01;1594,800049;28,29199982;1571,199951
2013/04/01;1472,199951;24,1439991;1505,400024
2013/05/01;1392,599976;22,22800064;1460,599976
2013/06/01;1223,800049;19,45100021;1336,900024
2013/07/01;1312,400024;19,61700058;1428,400024
2013/08/01;1396,099976;23,46299934;1526,199951
2013/09/01;1396,099976;23,46299934;1526,199951
2013/10/01;1323,599976;21,83200073;1445,900024
2013/11/01;1250,599976;19,9810009;1367,900024
2013/12/01;1250,599976;19,9810009;1367,900024
2014/01/01;1240,099976;19,10499954;1374,099976
2014/02/01;1321,400024;21,20400047;1446,199951
2014/03/01;1283,400024;19,73399925;1418,5
2014/04/01;1295,599976;19,11899948;1426,599976
2014/05/01;1245,599976;18,65299988;1454,699951
2014/06/01;1245,599976;18,65299988;1454,699951
2014/07/01;1281,300049;20,37299919;1465,699951
2014/08/01;1285,800049;19,39800072;1426,699951
2014/09/01;1210,5;17,00600052;1298,5
2014/10/01;1171,099976;16,07699966;1236,199951
2014/11/01;1175,199951;15,48900032;1210,400024
2014/12/01;1183,900024;15,56499958;1208,900024
2015/01/01;1278,5;17,19199944;1239,199951
2015/02/01;1278,5;17,19199944;1239,199951
2015/03/01;1278,5;17,19199944;1239,199951
2015/04/01;1182,400024;16,12400055;1139,900024
2015/05/01;1189,400024;16,68400002;1111
2015/06/01;1171,5;15,55099964;1078,599976
2015/07/01;1094,900024;14,74600029;984
2015/08/01;1131,599976;14,57699966;1010,099976
2015/09/01;1115,5;14,51299953;907,2000122
2015/10/01;1141,5;15,56599998;988,5999756
2015/11/01;1141,5;15,56599998;988,5999756
2015/12/01;1060,300049;13,77499962;891,7000122
2016/01/01;1116,400024;14,22900009;872,2999878
2016/02/01;1233,900024;14,89599991;933,7000122
2016/03/01;1234,199951;15,46000004;976,5999756
2016/04/01;1289,199951;17,78899956;1077,900024
2016/05/01;1289,199951;17,78899956;1077,900024
2016/06/01;1318,400024;18,58200073;1021,5
2016/07/01;1349;20,31200027;1147,300049
2016/08/01;1306,900024;18,62199974;1050,800049
2016/09/01;1313,300049;19,13899994;1028,599976
2016/10/01;1271,5;17,76199913;975,7999878
2016/11/01;1170,800049;16,40600014;908,0999756
2016/12/01;1150;15,93599987;901,5999756
2017/01/01;1150;15,93599987;901,5999756
2017/02/01;1252,599976;18,42000008;1029,5
2017/03/01;1247,300049;18,23500061;948,2000122
2017/04/01;1266,099976;17,19099998;946,2999878
2017/05/01;1272;17,36800003;948,5
2017/06/01;1240,699951;16,56800079;923,7000122
2017/07/01;1266,599976;16,75;937,7000122
2017/08/01;1316,199951;17,47999954;996,7999878
2017/09/01;1281,5;16,60700035;910,2999878
2017/10/01;1281,5;16,60700035;910,2999878
2017/11/01;1273,199951;16,38199997;941,2999878
2017/12/01;1306,300049;17,05999947;934,2000122
2018/01/01;1339;17,20400047;1001,299988
2018/02/01;1315,5;16,3239994;986,5999756
2018/03/01;1322,800049;16,22299957;927,2999878
2018/04/01;1322,800049;16,22299957;927,2999878
2018/05/01;1300,099976;16,40200043;908,0999756
2018/06/01;1251,300049;16,10400009;852,4000244
2018/07/01;1251,300049;16,10400009;852,4000244
2018/08/01;1200,300049;14,43799973;785,9000244
2018/09/01;1191,5;14,62300014;818,7000122
2018/10/01;1212,300049;14,22900009;839,4000244
2018/11/01;1220,199951;14,09399986;798
2018/12/01;1278,300049;15,43299961;795,9000244
2019/01/01;1319,699951;16,02199936;820,5
2019/02/01;1312,800049;15,53800011;873
2019/03/01;1293;15,06000042;848,9000244
2019/04/01;1282,800049;14,89999962;888,0999756
2019/05/01;1305,800049;14,52999973;792,5999756
2019/06/01;1409,699951;15,25300026;835,5
2019/07/01;1426,099976;16,34600067;876,0999756
2019/08/01;1519,099976;18,18499947;929,5999756
2019/09/01;1519,099976;18,18499947;929,5999756
2019/10/01;1511,400024;18,01399994;930
2019/11/01;1465,599976;16,96899986;897,9000244
2019/12/01;1465,599976;16,96899986;897,9000244
2020/01/01;1582,900024;17,97200012;959,2000122
2020/02/01;1564,099976;16,38699913;862,7999878
2020/03/01;1564,099976;16,38699913;862,7999878
2020/04/01;1684,199951;14,89799976;809,5
2020/05/01;1736,900024;18,44000053;870,5
2020/06/01;1793;18,54100037;840,7000122
2020/07/01;1962,800049;24,18899918;912,2000122
2020/08/01;1967,599976;28,43700027;935,7000122
2020/09/01;1887,5;23,43300056;901
2020/10/01;1877,400024;23,61700058;844,5999756
2020/11/01;1877,400024;23,61700058;844,5999756
2020/12/01;1893,099976;26,33200073;1075,400024
2021/01/01;1847,300049;26,89999962;1075,800049
2021/02/01;1728,099976;26,40200043;1183,5
2021/03/01;1713,800049;24,5170002;1188,5
2021/04/01;1767,300049;25,85300064;1203
2021/05/01;1902,5;27,99300003;1180,800049
2021/06/01;1770,800049;26,16500092;1070,5
2021/07/01;1812,599976;25,52799988;1046,900024
2021/08/01;1812,599976;25,52799988;1046,900024
2021/09/01;1755,300049;22,02099991;960,9000244
2021/10/01;1783;23,94499969;1019,599976
2021/11/01;1773,599976;22,76499939;926,5999756
2021/12/01;1827,5;23,32799911;964,4000244
2022/01/01;1795;22,39500046;1019,200012
2022/02/01;1899,400024;24,36100006;1037,800049
2022/03/01;1949,199951;25,12100029;992,5
2022/04/01;1909,300049;23,04000092;937,5999756
2022/05/01;1909,300049;23,04000092;937,5999756
2022/06/01;1804,099976;20,28199959;898,4000244
2022/07/01;1762,900024;20,15600014;884,9000244
2022/08/01;1712,800049;17,76199913;826,4000244
2022/09/01;1662,400024;18,95999908;870
2022/10/01;1635,900024;19,125;939,4000244
2022/11/01;1746;21,54999924;1052,300049
2022/12/01;1819,699951;23,86199951;1073,699951
2023/01/01;1819,699951;23,86199951;1073,699951
2023/02/01;1828,900024;20,96100044;955,2000122
2023/03/01;1969;24,07600021;994,0999756
2023/04/01;1990,099976;24,99900055;1088,199951
2023/05/01;1963,900024;23,47400093;1007,099976
2023/06/01;1921,099976;22,80999947;904,5
2023/07/01;1970,5;24,85400009;949,7000122
2023/08/01;1938,199951;24,47200012;971,2999878
2023/09/01;1848,099976;22,23600006;906,7999878
2023/10/01;1848,099976;22,23600006;906,7999878
2023/11/01;2038,099976;25,29299927;931,2000122
2023/12/01;2062,399902;23,85300064;995
2024/01/01;2048,399902;23,0510006;924,4000244
2024/02/01;2045,699951;22,66600037;879,9000244
2024/03/01;2217,399902;24,79700089;907,7000122
2024/04/01;2291,399902;26,39100075;941,2000122
2024/05/01;2322,899902;30,29700089;1037,699951
2024/06/01;2327,699951;29,23699951;1001,900024
2024/07/01;2426,5;28,77799988;982,2000122
2024/08/01;2493,800049;28,7310009;927,7999878
2024/09/01;2493,800049;28,7310009;927,7999878
2024/10/01;2738,300049;32,65299988;991,5999756
2024/11/01;2657;30,68499947;949,5
2024/12/01;2657;30,68499947;949,5
2025/01/01;2812,5;32,12799835;1033,199951
2025/02/01;2836,800049;31,21899986;932,2999878
2025/03/01;3122,800049;34,45700073;1009,700012
2025/04/01;3305;32,53099823;963,7999878
2025/05/01;3288,899902;32,89199829;1051,699951
2025/06/01;3288,899902;32,89199829;1051,699951
2025/07/01;3293,199951;36,55199814;1286,400024
2025/08/01;3473,699951;40,20000076;1365,699951
2025/09/01;3840,800049;46,25299835;1584,599976
2025/10/01;3982,199951;47,99399948;1569,800049
2025/11/01;4218,299805;56,44599915;1677,699951
2025/12/01;4325,600098;70,13400269;2034,5
2026/01/01;4713,899902;78,29000092;2102,800049
2026/02/01;4713,899902;78,29000092;2102,800049
2026/03/01;4713,899902;78,29000092;2102,800049
2026/04/01;4614,700195;73,53399658;1979
2026/05/01;4560,5;75,61599731;1922,199951
2026/06/01;4022,899902;59,47700119;1550,199951
